Question,Choice1,Choice2,Choice3,Choice4,Answer
What is the main purpose of Cognitive Behavioral Therapy (CBT)?,To teach relaxation techniques only,To understand personal strengths and develop helpful skills,To provide medication for mental health,To diagnose psychological conditions,To understand personal strengths and develop helpful skills
"What is one sign of 'bad CBT,' according to the speaker?",The therapy is focused on relaxation techniques,The therapy has a clear structure and purpose,The therapy process feels mysterious and lacks explanation,The therapy requires regular homework,The therapy process feels mysterious and lacks explanation
"In CBT, what is essential to track progress in therapy?",Conducting sessions in a quiet room,"Setting specific, observable goals",Providing regular positive affirmations,Offering financial incentives,"Setting specific, observable goals"
"According to the speaker, what role does homework play in CBT?",It is optional and not generally assigned,It reinforces skills learned in therapy outside sessions,It focuses on creative self-expression,It is meant to replace therapy sessions,It reinforces skills learned in therapy outside sessions
What is a typical feature of CBT that makes it different from other therapies?,It involves long discussions about childhood,It includes practical tasks and skill-building,It requires physical exercises for relaxation,It relies on medication for progress,It includes practical tasks and skill-building
Why might a CBT session involve leaving the therapist’s office?,To practice skills in real-life situations,To allow clients to experience relaxation outdoors,To complete a physical fitness assessment,To provide a change of scenery,To practice skills in real-life situations
What does the speaker suggest about therapists who do not assign homework?,They might be practicing ineffective CBT,They are prioritizing client comfort over progress,They are giving clients a break from therapy,They are following a different type of CBT,They might be practicing ineffective CBT
In what situations might CBT therapy be conducted entirely in the chair?,When treating specific conditions like generalized anxiety disorder,When the therapy space is too small for movement,When clients prefer a calm therapy approach,When focusing on physical fitness,When treating specific conditions like generalized anxiety disorder
What is the speaker’s opinion on how transparent CBT should be?,It should be as clear and transparent as possible,It should remain mysterious to keep clients engaged,It should be simple but avoid explaining all details,It should be led by the therapist without client input,It should be as clear and transparent as possible
Why does CBT emphasize skill development as part of the therapy process?,To give clients activities to enjoy during their week,To build lasting ways to handle thoughts and emotions,To encourage clients to socialize with others,To prepare clients for advanced mental health training,To build lasting ways to handle thoughts and emotions
